-- phpMyAdmin SQL Dump
-- version 4.7.0
-- https://www.phpmyadmin.net/
--
-- Host: 127.0.0.1
-- Generation Time: Dec 22, 2017 at 05:11 PM
-- Server version: 10.1.25-MariaDB
-- PHP Version: 5.6.31

SET SQL_MODE = "NO_AUTO_VALUE_ON_ZERO";
SET AUTOCOMMIT = 0;
START TRANSACTION;
SET time_zone = "+00:00";


/*!40101 SET @OLD_CHARACTER_SET_CLIENT=@@CHARACTER_SET_CLIENT */;
/*!40101 SET @OLD_CHARACTER_SET_RESULTS=@@CHARACTER_SET_RESULTS */;
/*!40101 SET @OLD_COLLATION_CONNECTION=@@COLLATION_CONNECTION */;
/*!40101 SET NAMES utf8mb4 */;

--
-- Database: `rental_db`
--

-- --------------------------------------------------------

--
-- Table structure for table `automobiles_type_details`
--

CREATE TABLE `automobiles_type_details` (
  `id` int(11) NOT NULL,
  `type` varchar(50) NOT NULL,
  `category_id` int(11) NOT NULL
) ENGINE=InnoDB DEFAULT CHARSET=latin1;

--
-- Dumping data for table `automobiles_type_details`
--

INSERT INTO `automobiles_type_details` (`id`, `type`, `category_id`) VALUES
(1, 'Car', 2),
(2, 'Motorcycle', 1),
(3, 'Scooter', 1),
(4, 'Bycycle', 1),
(5, 'Truck', 2);

-- --------------------------------------------------------

--
-- Table structure for table `automobile_category_details`
--

CREATE TABLE `automobile_category_details` (
  `id` int(11) NOT NULL,
  `category` varchar(50) NOT NULL
) ENGINE=InnoDB DEFAULT CHARSET=latin1;

--
-- Dumping data for table `automobile_category_details`
--

INSERT INTO `automobile_category_details` (`id`, `category`) VALUES
(1, 'Two wheeler'),
(2, 'Four wheeler');

-- --------------------------------------------------------

--
-- Table structure for table `automobile_manufacturer_details`
--

CREATE TABLE `automobile_manufacturer_details` (
  `id` int(11) NOT NULL,
  `type_id` int(11) NOT NULL,
  `manufacturer_name` varchar(150) NOT NULL
) ENGINE=InnoDB DEFAULT CHARSET=latin1;

--
-- Dumping data for table `automobile_manufacturer_details`
--

INSERT INTO `automobile_manufacturer_details` (`id`, `type_id`, `manufacturer_name`) VALUES
(1, 1, 'Maruti Suzuki'),
(2, 1, 'Honda');

-- --------------------------------------------------------

--
-- Table structure for table `automobile_manufacturer_model_details`
--

CREATE TABLE `automobile_manufacturer_model_details` (
  `id` int(11) NOT NULL,
  `manufacturer_id` int(11) NOT NULL,
  `model_name` varchar(100) NOT NULL
) ENGINE=InnoDB DEFAULT CHARSET=latin1;

--
-- Dumping data for table `automobile_manufacturer_model_details`
--

INSERT INTO `automobile_manufacturer_model_details` (`id`, `manufacturer_id`, `model_name`) VALUES
(1, 1, 'Alto'),
(2, 1, 'Swift Dzire'),
(3, 2, 'City'),
(4, 2, 'Civic');

-- --------------------------------------------------------

--
-- Table structure for table `ci_sessions`
--

CREATE TABLE `ci_sessions` (
  `id` varchar(40) NOT NULL,
  `ip_address` varchar(45) NOT NULL,
  `timestamp` int(10) UNSIGNED NOT NULL DEFAULT '0',
  `data` blob NOT NULL
) ENGINE=InnoDB DEFAULT CHARSET=latin1;

--
-- Dumping data for table `ci_sessions`
--

INSERT INTO `ci_sessions` (`id`, `ip_address`, `timestamp`, `data`) VALUES
('g1pug37t4c6corqhm9a4qs6q0of3qapf', '::1', 1510433977, 0x5f5f63695f6c6173745f726567656e65726174657c693a313531303433333833373b757365726e616d657c733a363a22646576313233223b6e616d657c733a393a22646576207479616769223b656d61696c5f69647c733a31333a2264657640676d61696c2e636f6d223b),
('5432lg24kqrg5n8k8ol3tscb2vtnqm6p', '::1', 1510434021, 0x5f5f63695f6c6173745f726567656e65726174657c693a313531303433333835333b),
('pf15rfm9oephr5efrc0518v798dqqrl3', '::1', 1510434761, 0x5f5f63695f6c6173745f726567656e65726174657c693a313531303433343436313b),
('f8mkb26l558s9dpou4h3bglf8b7jdg6j', '::1', 1510434695, 0x5f5f63695f6c6173745f726567656e65726174657c693a313531303433343639353b),
('09cn9d5ivq1qgr3fi8fac0klb393c76j', '::1', 1510434753, 0x5f5f63695f6c6173745f726567656e65726174657c693a313531303433343735333b757365726e616d657c733a363a22646576313233223b6e616d657c733a393a22646576207479616769223b656d61696c5f69647c733a31333a2264657640676d61696c2e636f6d223b),
('6n5cbmss7hh8nrpsi3rkg8b221ns7g74', '::1', 1510435276, 0x5f5f63695f6c6173745f726567656e65726174657c693a313531303433353031383b),
('sg7eucpoorh3mu6rr8pdqkse6s6dq04b', '::1', 1510435259, 0x5f5f63695f6c6173745f726567656e65726174657c693a313531303433353235393b757365726e616d657c733a363a22646576313233223b6e616d657c733a393a22646576207479616769223b656d61696c5f69647c733a31333a2264657640676d61696c2e636f6d223b),
('l1st74n394hptlq49u86jlhq8n3lvfhb', '::1', 1510435417, 0x5f5f63695f6c6173745f726567656e65726174657c693a313531303433353431373b757365726e616d657c733a363a22646576313233223b6e616d657c733a393a22646576207479616769223b656d61696c5f69647c733a31333a2264657640676d61696c2e636f6d223b),
('bdvmlsho5o6onhj8blmqh4borj6e6f8g', '::1', 1510435432, 0x5f5f63695f6c6173745f726567656e65726174657c693a313531303433353433323b757365726e616d657c733a363a22646576313233223b6e616d657c733a393a22646576207479616769223b656d61696c5f69647c733a31333a2264657640676d61696c2e636f6d223b),
('gj1m3p3e7c1q71dp3j3574m3dh5urfs0', '::1', 1510435502, 0x5f5f63695f6c6173745f726567656e65726174657c693a313531303433353530323b757365726e616d657c733a363a22646576313233223b6e616d657c733a393a22646576207479616769223b656d61696c5f69647c733a31333a2264657640676d61696c2e636f6d223b),
('6a08gqsp89rsuvadvghdnk6re31j59vj', '::1', 1510435590, 0x5f5f63695f6c6173745f726567656e65726174657c693a313531303433353530363b),
('h7prvovff7niuit3bn3hsvh9kkt3u4l9', '::1', 1510435585, 0x5f5f63695f6c6173745f726567656e65726174657c693a313531303433353538353b757365726e616d657c733a363a22646576313233223b6e616d657c733a393a22646576207479616769223b656d61696c5f69647c733a31333a2264657640676d61696c2e636f6d223b),
('iiup8e7op361gq7b2bkdngsb3fnt5i45', '::1', 1510435749, 0x5f5f63695f6c6173745f726567656e65726174657c693a313531303433353634383b757365726e616d657c733a363a22646576313233223b6e616d657c733a393a22646576207479616769223b656d61696c5f69647c733a31333a2264657640676d61696c2e636f6d223b),
('5dn41edpi7hlt01lqd9mnsik162h4cp6', '::1', 1510436350, 0x5f5f63695f6c6173745f726567656e65726174657c693a313531303433363037333b757365726e616d657c733a363a22646576313233223b6e616d657c733a393a22646576207479616769223b656d61696c5f69647c733a31333a2264657640676d61696c2e636f6d223b),
('ngugk9qhttpuk799o65fqlccgen9h9ej', '::1', 1510436685, 0x5f5f63695f6c6173745f726567656e65726174657c693a313531303433363339363b757365726e616d657c733a363a22646576313233223b6e616d657c733a393a22646576207479616769223b656d61696c5f69647c733a31333a2264657640676d61696c2e636f6d223b),
('66lrb5f1slbua1qljfi5s2pr3j15r5ff', '::1', 1510436980, 0x5f5f63695f6c6173745f726567656e65726174657c693a313531303433363730353b757365726e616d657c733a363a22646576313233223b6e616d657c733a393a22646576207479616769223b656d61696c5f69647c733a31333a2264657640676d61696c2e636f6d223b),
('ndnlhkqipb6k6l7ijb43fdarbbanaei2', '::1', 1510437150, 0x5f5f63695f6c6173745f726567656e65726174657c693a313531303433373033373b757365726e616d657c733a363a22646576313233223b6e616d657c733a393a22646576207479616769223b656d61696c5f69647c733a31333a2264657640676d61696c2e636f6d223b),
('11l6e6nml1q24s7gok4ea40p5rl1g1dc', '::1', 1510437899, 0x5f5f63695f6c6173745f726567656e65726174657c693a313531303433373630343b757365726e616d657c733a363a22646576313233223b6e616d657c733a393a22646576207479616769223b656d61696c5f69647c733a31333a2264657640676d61696c2e636f6d223b),
('chtb3bek3i48l9jcdk82g9mqi2ql38do', '::1', 1510438414, 0x5f5f63695f6c6173745f726567656e65726174657c693a313531303433383431343b),
('6p4r3unk5f8sut8mvgvt5ahlcgd3m64v', '::1', 1510497762, 0x5f5f63695f6c6173745f726567656e65726174657c693a313531303439373731313b),
('n90lcpm5jficf0u57mcuc1e78s3o55ii', '::1', 1510499069, 0x5f5f63695f6c6173745f726567656e65726174657c693a313531303439383936353b),
('vhdckhq9evmsninod0ktdri6rkjjmgd7', '::1', 1510499176, 0x5f5f63695f6c6173745f726567656e65726174657c693a313531303439393135333b),
('obvbarkvencitnbofqvtgr64pcv9p28t', '::1', 1510499962, 0x5f5f63695f6c6173745f726567656e65726174657c693a313531303439393733373b757365726e616d657c733a363a22646576313233223b6e616d657c733a393a22646576207479616769223b656d61696c5f69647c733a31333a2264657640676d61696c2e636f6d223b),
('14a2ruh9qf0ljcgj5k0r25jnni5vvi2o', '::1', 1510500808, 0x5f5f63695f6c6173745f726567656e65726174657c693a313531303530303530383b757365726e616d657c733a363a22646576313233223b6e616d657c733a393a22646576207479616769223b656d61696c5f69647c733a31333a2264657640676d61696c2e636f6d223b),
('8tm2u8oi6alpvbkj6ubif5td1m7lb2cm', '::1', 1510500954, 0x5f5f63695f6c6173745f726567656e65726174657c693a313531303530303831313b757365726e616d657c733a363a22646576313233223b6e616d657c733a393a22646576207479616769223b656d61696c5f69647c733a31333a2264657640676d61696c2e636f6d223b),
('5a4is740gtkb20s732onivq84tl9sqtu', '::1', 1510501266, 0x5f5f63695f6c6173745f726567656e65726174657c693a313531303530303936393b),
('66j1gkrjl4fiuoaa7jfm2meam9s0tv4h', '::1', 1510501744, 0x5f5f63695f6c6173745f726567656e65726174657c693a313531303530313435373b757365726e616d657c733a363a22646576313233223b6e616d657c733a393a22646576207479616769223b656d61696c5f69647c733a31333a2264657640676d61696c2e636f6d223b),
('ru6ag8do37p9r9qac9itbr05jdg9c0he', '::1', 1510502096, 0x5f5f63695f6c6173745f726567656e65726174657c693a313531303530313830323b757365726e616d657c733a363a22646576313233223b6e616d657c733a393a22646576207479616769223b656d61696c5f69647c733a31333a2264657640676d61696c2e636f6d223b),
('pf12f7tbpb5avi0f930i8lkb7rpltn5m', '::1', 1510502349, 0x5f5f63695f6c6173745f726567656e65726174657c693a313531303530323132313b757365726e616d657c733a363a22646576313233223b6e616d657c733a393a22646576207479616769223b656d61696c5f69647c733a31333a2264657640676d61696c2e636f6d223b),
('50ui9lm828hotk8qbmu9d76mobstolj8', '::1', 1510502713, 0x5f5f63695f6c6173745f726567656e65726174657c693a313531303530323634353b757365726e616d657c733a363a22646576313233223b6e616d657c733a393a22646576207479616769223b656d61696c5f69647c733a31333a2264657640676d61696c2e636f6d223b),
('dpt5t270ue23p1e4qmrdaal47tgkje35', '::1', 1510503390, 0x5f5f63695f6c6173745f726567656e65726174657c693a313531303530333231303b757365726e616d657c733a363a22646576313233223b6e616d657c733a393a22646576207479616769223b656d61696c5f69647c733a31333a2264657640676d61696c2e636f6d223b),
('0nd231v33mne4amkmrga2mkdss13dnoq', '::1', 1510503784, 0x5f5f63695f6c6173745f726567656e65726174657c693a313531303530333532393b757365726e616d657c733a363a22646576313233223b6e616d657c733a393a22646576207479616769223b656d61696c5f69647c733a31333a2264657640676d61696c2e636f6d223b),
('fuo9guiguq18trckegpoqk8octl7jf4b', '::1', 1510504056, 0x5f5f63695f6c6173745f726567656e65726174657c693a313531303530333835353b757365726e616d657c733a363a22646576313233223b6e616d657c733a393a22646576207479616769223b656d61696c5f69647c733a31333a2264657640676d61696c2e636f6d223b),
('drk4646bfhij6hn69kia4bnffermt2cm', '::1', 1510504344, 0x5f5f63695f6c6173745f726567656e65726174657c693a313531303530343334343b),
('o0o71pog6csdnn0higgjub9pjovr2fo3', '::1', 1510505423, 0x5f5f63695f6c6173745f726567656e65726174657c693a313531303530353134313b),
('t23ji9llumgqg1egqfr1vkec20fo7754', '::1', 1510506204, 0x5f5f63695f6c6173745f726567656e65726174657c693a313531303530363035313b),
('9erj0potltog4li8gb2862nktabrcavh', '::1', 1510506342, 0x5f5f63695f6c6173745f726567656e65726174657c693a313531303530363231353b),
('o18n6ld3mk7aq7ftorc3lte566rqsmdb', '::1', 1510549175, 0x5f5f63695f6c6173745f726567656e65726174657c693a313531303534383930333b757365726e616d657c733a373a22676f6c75313233223b6e616d657c733a31303a22676f6c75207479616769223b656d61696c5f69647c733a32333a2274796167696c6f76653230313540676d61696c2e636f6d223b),
('tpbgrm4cihmc3moc8lpo6md95e7rmurg', '::1', 1510549394, 0x5f5f63695f6c6173745f726567656e65726174657c693a313531303534393334313b),
('vu6f47vlnuktadm59lf6fbkm46mn65rk', '::1', 1510551138, 0x5f5f63695f6c6173745f726567656e65726174657c693a313531303535313131353b),
('nl0ecqqliuldn4ohduk3klj4gbo8n9kl', '::1', 1510551887, 0x5f5f63695f6c6173745f726567656e65726174657c693a313531303535313830333b),
('5imrfdgg8omgnpd69vllah5c4f8t57f2', '::1', 1510552491, 0x5f5f63695f6c6173745f726567656e65726174657c693a313531303535323338343b),
('4rmt58omlbqs4t1ptao8ek4em0594dhv', '::1', 1510553262, 0x5f5f63695f6c6173745f726567656e65726174657c693a313531303535333031333b),
('pcrrgml6p5a7a8nuku2343lv8betucd3', '::1', 1510553719, 0x5f5f63695f6c6173745f726567656e65726174657c693a313531303535333532333b),
('0a1efd5s78gid9keou6omtbrlrv1beh7', '::1', 1510556447, 0x5f5f63695f6c6173745f726567656e65726174657c693a313531303535363434313b),
('8rfg71fdn0mr8f2p385mkfsv89112e8p', '::1', 1510557612, 0x5f5f63695f6c6173745f726567656e65726174657c693a313531303535373631323b),
('qrce5578iaqou8d1imgcmaenj0s9fqe0', '::1', 1510557612, 0x5f5f63695f6c6173745f726567656e65726174657c693a313531303535373631323b),
('63l3lqk91ehnsnc5g022ktrbtij38dvc', '::1', 1510558657, 0x5f5f63695f6c6173745f726567656e65726174657c693a313531303535383635373b),
('eugtvq6j502l7nbgqapdj8s4sj81hvfe', '::1', 1512916277, 0x5f5f63695f6c6173745f726567656e65726174657c693a313531323931363032313b757365726e616d657c733a373a22676f6c75313233223b6e616d657c733a31303a22676f6c75207479616769223b656d61696c5f69647c733a32333a2274796167696c6f76653230313540676d61696c2e636f6d223b),
('u8cvnauig67vd7jg019sp1lrsiipqhj5', '::1', 1512916769, 0x5f5f63695f6c6173745f726567656e65726174657c693a313531323931363736393b757365726e616d657c733a373a22676f6c75313233223b6e616d657c733a31303a22676f6c75207479616769223b656d61696c5f69647c733a32333a2274796167696c6f76653230313540676d61696c2e636f6d223b),
('28efekgf2so019slqv1vgsen9u07t69j', '::1', 1512917795, 0x5f5f63695f6c6173745f726567656e65726174657c693a313531323931373539313b757365726e616d657c733a373a22676f6c75313233223b6e616d657c733a31303a22676f6c75207479616769223b656d61696c5f69647c733a32333a2274796167696c6f76653230313540676d61696c2e636f6d223b),
('ehvtc11p4vic065pvl4p2ld0crcffihs', '::1', 1512918779, 0x5f5f63695f6c6173745f726567656e65726174657c693a313531323931383531323b757365726e616d657c733a373a22676f6c75313233223b6e616d657c733a31303a22676f6c75207479616769223b656d61696c5f69647c733a32333a2274796167696c6f76653230313540676d61696c2e636f6d223b),
('go350fi007fvptqokkdecvl67j5rn0aq', '::1', 1512919128, 0x5f5f63695f6c6173745f726567656e65726174657c693a313531323931383833303b757365726e616d657c733a373a22676f6c75313233223b6e616d657c733a31303a22676f6c75207479616769223b656d61696c5f69647c733a32333a2274796167696c6f76653230313540676d61696c2e636f6d223b),
('lnbuetj72jim1hb59tgsvvli9ovkhdup', '::1', 1512919150, 0x5f5f63695f6c6173745f726567656e65726174657c693a313531323931393135303b757365726e616d657c733a373a22676f6c75313233223b6e616d657c733a31303a22676f6c75207479616769223b656d61696c5f69647c733a32333a2274796167696c6f76653230313540676d61696c2e636f6d223b),
('p8ls94jah2fatd04qkv6oejpuvr9m3d8', '::1', 1512919985, 0x5f5f63695f6c6173745f726567656e65726174657c693a313531323931393734343b757365726e616d657c733a373a22676f6c75313233223b6e616d657c733a31303a22676f6c75207479616769223b656d61696c5f69647c733a32333a2274796167696c6f76653230313540676d61696c2e636f6d223b),
('rh4qs3rbqdc9es8vbetb33nskk838c2c', '::1', 1512920146, 0x5f5f63695f6c6173745f726567656e65726174657c693a313531323932303133383b757365726e616d657c733a373a22676f6c75313233223b6e616d657c733a31303a22676f6c75207479616769223b656d61696c5f69647c733a32333a2274796167696c6f76653230313540676d61696c2e636f6d223b),
('73u8tdo015c1cc0epmf78cm0fubudgju', '::1', 1512920825, 0x5f5f63695f6c6173745f726567656e65726174657c693a313531323932303538323b757365726e616d657c733a373a22676f6c75313233223b6e616d657c733a31303a22676f6c75207479616769223b656d61696c5f69647c733a32333a2274796167696c6f76653230313540676d61696c2e636f6d223b),
('gqtho59cqq5cc7bv74lrbk2hrr5ef4ja', '::1', 1512921163, 0x5f5f63695f6c6173745f726567656e65726174657c693a313531323932313132303b757365726e616d657c733a373a22676f6c75313233223b6e616d657c733a31303a22676f6c75207479616769223b656d61696c5f69647c733a32333a2274796167696c6f76653230313540676d61696c2e636f6d223b),
('745abv3nvpsak0h14ohbad43073bav90', '::1', 1512921710, 0x5f5f63695f6c6173745f726567656e65726174657c693a313531323932313539363b757365726e616d657c733a373a22676f6c75313233223b6e616d657c733a31303a22676f6c75207479616769223b656d61696c5f69647c733a32333a2274796167696c6f76653230313540676d61696c2e636f6d223b),
('p5hn5j5oblg15sa7cf422giatsltcl64', '::1', 1512922345, 0x5f5f63695f6c6173745f726567656e65726174657c693a313531323932323332383b757365726e616d657c733a373a22676f6c75313233223b6e616d657c733a31303a22676f6c75207479616769223b656d61696c5f69647c733a32333a2274796167696c6f76653230313540676d61696c2e636f6d223b),
('i3j6fgf667p3hn1pcnvdvvei2iua793j', '::1', 1512922753, 0x5f5f63695f6c6173745f726567656e65726174657c693a313531323932323735313b757365726e616d657c733a373a22676f6c75313233223b6e616d657c733a31303a22676f6c75207479616769223b656d61696c5f69647c733a32333a2274796167696c6f76653230313540676d61696c2e636f6d223b),
('1cbvjfoffk96v75oo5hb87u2khcqg469', '::1', 1513139670, 0x5f5f63695f6c6173745f726567656e65726174657c693a313531333133393339313b),
('lqbh388nk3qhm17lk3t9hgiuihh6f7s4', '::1', 1513139881, 0x5f5f63695f6c6173745f726567656e65726174657c693a313531333133393639353b),
('2s6vecqrs6c3nc4opq0i6u1810os3fum', '::1', 1513140317, 0x5f5f63695f6c6173745f726567656e65726174657c693a313531333134303038313b),
('h38rhsnapku9sc15a7hkmhtnd05h8h42', '::1', 1513527164, 0x5f5f63695f6c6173745f726567656e65726174657c693a313531333532373034363b757365726e616d657c733a373a22676f6c75313233223b6e616d657c733a31303a22676f6c75207479616769223b656d61696c5f69647c733a32333a2274796167696c6f76653230313540676d61696c2e636f6d223b),
('062cabcqhp3b237gt946835u489jm5p6', '::1', 1513528083, 0x5f5f63695f6c6173745f726567656e65726174657c693a313531333532383038333b757365726e616d657c733a373a22676f6c75313233223b6e616d657c733a31303a22676f6c75207479616769223b656d61696c5f69647c733a32333a2274796167696c6f76653230313540676d61696c2e636f6d223b),
('qn9nn29vrtil7likp8fj3hat01l0640m', '::1', 1513528903, 0x5f5f63695f6c6173745f726567656e65726174657c693a313531333532383731353b757365726e616d657c733a373a22676f6c75313233223b6e616d657c733a31303a22676f6c75207479616769223b656d61696c5f69647c733a32333a2274796167696c6f76653230313540676d61696c2e636f6d223b),
('tf0ukioubq07a25kngrsuamav0iqh9jl', '::1', 1513529440, 0x5f5f63695f6c6173745f726567656e65726174657c693a313531333532393231393b757365726e616d657c733a373a22676f6c75313233223b6e616d657c733a31303a22676f6c75207479616769223b656d61696c5f69647c733a32333a2274796167696c6f76653230313540676d61696c2e636f6d223b),
('cbt7aouddbvla3q0q3fo6dl05lhpirlv', '::1', 1513595116, 0x5f5f63695f6c6173745f726567656e65726174657c693a313531333539343938383b757365726e616d657c733a373a22676f6c75313233223b6e616d657c733a31303a22676f6c75207479616769223b656d61696c5f69647c733a32333a2274796167696c6f76653230313540676d61696c2e636f6d223b),
('5grlf2bptrsqusljmhc4vb4j6ra63s32', '::1', 1513595484, 0x5f5f63695f6c6173745f726567656e65726174657c693a313531333539353430383b),
('h5a719esdnoanhd4kiib467i6grh8uv9', '::1', 1513596251, 0x5f5f63695f6c6173745f726567656e65726174657c693a313531333539363233343b),
('3vmv8f4ukoshghf4f52bbf192ap793ks', '::1', 1513955024, 0x5f5f63695f6c6173745f726567656e65726174657c693a313531333935353032343b);

-- --------------------------------------------------------

--
-- Table structure for table `product_categories`
--

CREATE TABLE `product_categories` (
  `id` int(11) NOT NULL,
  `category` varchar(100) NOT NULL
) ENGINE=InnoDB DEFAULT CHARSET=latin1;

--
-- Dumping data for table `product_categories`
--

INSERT INTO `product_categories` (`id`, `category`) VALUES
(1, 'Automobiles'),
(2, 'Clothing'),
(3, 'Rooms '),
(4, 'Furniture'),
(5, 'Sports and Gym\r\n                                                        '),
(6, 'Appliances');

-- --------------------------------------------------------

--
-- Table structure for table `user_reg_details`
--

CREATE TABLE `user_reg_details` (
  `id` int(11) NOT NULL,
  `username` varchar(16) NOT NULL,
  `password` varchar(255) NOT NULL,
  `first_name` char(20) DEFAULT NULL,
  `last_name` varchar(50) NOT NULL,
  `address` varchar(100) NOT NULL,
  `contact_number` bigint(20) NOT NULL,
  `email_id` varchar(50) NOT NULL
) ENGINE=InnoDB DEFAULT CHARSET=latin1;

--
-- Dumping data for table `user_reg_details`
--

INSERT INTO `user_reg_details` (`id`, `username`, `password`, `first_name`, `last_name`, `address`, `contact_number`, `email_id`) VALUES
(1, 'golu123', '123', 'golu', 'tyagi', 'meerut\r\n', 9897442715, 'tyagilove2015@gmail.com');

-- --------------------------------------------------------

--
-- Table structure for table `vehicles_post_details`
--

CREATE TABLE `vehicles_post_details` (
  `id` int(11) NOT NULL,
  `posted_by` int(11) NOT NULL,
  `post_image_id` varchar(255) NOT NULL,
  `type_id` int(11) NOT NULL,
  `manufacturer_id` int(11) NOT NULL,
  `model_id` int(11) NOT NULL,
  `milage` int(11) NOT NULL,
  `availability_duration` int(11) NOT NULL,
  `charge_per_day` int(11) NOT NULL,
  `created_on` datetime NOT NULL DEFAULT CURRENT_TIMESTAMP,
  `updated_on` datetime DEFAULT NULL
) ENGINE=InnoDB DEFAULT CHARSET=latin1;

--
-- Dumping data for table `vehicles_post_details`
--

INSERT INTO `vehicles_post_details` (`id`, `posted_by`, `post_image_id`, `type_id`, `manufacturer_id`, `model_id`, `milage`, `availability_duration`, `charge_per_day`, `created_on`, `updated_on`) VALUES
(1, 1, '', 1, 1, 1, 18, 10, 200, '2017-12-17 21:24:47', NULL),
(2, 1, '', 1, 2, 1, 12, 20, 500, '2017-12-17 21:26:19', NULL);

--
-- Indexes for dumped tables
--

--
-- Indexes for table `automobiles_type_details`
--
ALTER TABLE `automobiles_type_details`
  ADD PRIMARY KEY (`id`);

--
-- Indexes for table `automobile_category_details`
--
ALTER TABLE `automobile_category_details`
  ADD PRIMARY KEY (`id`);

--
-- Indexes for table `automobile_manufacturer_details`
--
ALTER TABLE `automobile_manufacturer_details`
  ADD PRIMARY KEY (`id`);

--
-- Indexes for table `automobile_manufacturer_model_details`
--
ALTER TABLE `automobile_manufacturer_model_details`
  ADD PRIMARY KEY (`id`);

--
-- Indexes for table `ci_sessions`
--
ALTER TABLE `ci_sessions`
  ADD KEY `ci_sessions_timestamp` (`timestamp`);

--
-- Indexes for table `product_categories`
--
ALTER TABLE `product_categories`
  ADD PRIMARY KEY (`id`);

--
-- Indexes for table `user_reg_details`
--
ALTER TABLE `user_reg_details`
  ADD PRIMARY KEY (`id`);

--
-- Indexes for table `vehicles_post_details`
--
ALTER TABLE `vehicles_post_details`
  ADD PRIMARY KEY (`id`);

--
-- AUTO_INCREMENT for dumped tables
--

--
-- AUTO_INCREMENT for table `automobiles_type_details`
--
ALTER TABLE `automobiles_type_details`
  MODIFY `id` int(11) NOT NULL AUTO_INCREMENT, AUTO_INCREMENT=6;
--
-- AUTO_INCREMENT for table `automobile_category_details`
--
ALTER TABLE `automobile_category_details`
  MODIFY `id` int(11) NOT NULL AUTO_INCREMENT, AUTO_INCREMENT=3;
--
-- AUTO_INCREMENT for table `automobile_manufacturer_details`
--
ALTER TABLE `automobile_manufacturer_details`
  MODIFY `id` int(11) NOT NULL AUTO_INCREMENT, AUTO_INCREMENT=3;
--
-- AUTO_INCREMENT for table `automobile_manufacturer_model_details`
--
ALTER TABLE `automobile_manufacturer_model_details`
  MODIFY `id` int(11) NOT NULL AUTO_INCREMENT, AUTO_INCREMENT=5;
--
-- AUTO_INCREMENT for table `product_categories`
--
ALTER TABLE `product_categories`
  MODIFY `id` int(11) NOT NULL AUTO_INCREMENT, AUTO_INCREMENT=7;
--
-- AUTO_INCREMENT for table `user_reg_details`
--
ALTER TABLE `user_reg_details`
  MODIFY `id` int(11) NOT NULL AUTO_INCREMENT, AUTO_INCREMENT=2;
--
-- AUTO_INCREMENT for table `vehicles_post_details`
--
ALTER TABLE `vehicles_post_details`
  MODIFY `id` int(11) NOT NULL AUTO_INCREMENT, AUTO_INCREMENT=3;COMMIT;

/*!40101 SET CHARACTER_SET_CLIENT=@OLD_CHARACTER_SET_CLIENT */;
/*!40101 SET CHARACTER_SET_RESULTS=@OLD_CHARACTER_SET_RESULTS */;
/*!40101 SET COLLATION_CONNECTION=@OLD_COLLATION_CONNECTION */;
